,Date,Company_Name,close
0,01/01/14,Tesla,
1,01/02/14,Tesla,150.1
2,01/03/14,Tesla,149.56
3,01/04/14,Tesla,
4,01/05/14,Tesla,
5,01/06/14,Tesla,147.0
6,01/07/14,Tesla,149.36
7,01/08/14,Tesla,151.28
8,01/09/14,Tesla,147.53
9,01/10/14,Tesla,145.7199
10,01/11/14,Tesla,
11,01/12/14,Tesla,
12,01/13/14,Tesla,139.34
13,01/14/14,Tesla,161.27
14,01/15/14,Tesla,164.13
15,01/16/14,Tesla,170.97
16,01/17/14,Tesla,170.01
17,01/18/14,Tesla,
18,01/19/14,Tesla,
19,01/20/14,Tesla,
20,01/21/14,Tesla,176.68
21,01/22/14,Tesla,178.56
22,01/23/14,Tesla,181.5
23,01/24/14,Tesla,174.6
24,01/25/14,Tesla,
25,01/26/14,Tesla,
26,01/27/14,Tesla,169.62
27,01/28/14,Tesla,178.38
28,01/29/14,Tesla,175.23
29,01/30/14,Tesla,182.84
30,01/31/14,Tesla,181.41
31,02/01/14,Tesla,
32,02/02/14,Tesla,
33,02/03/14,Tesla,177.11
34,02/04/14,Tesla,178.73
35,02/05/14,Tesla,174.42
36,02/06/14,Tesla,178.38
37,02/07/14,Tesla,186.53
38,02/08/14,Tesla,
39,02/09/14,Tesla,
40,02/10/14,Tesla,196.56
41,02/11/14,Tesla,196.62
42,02/12/14,Tesla,195.32
43,02/13/14,Tesla,199.63
44,02/14/14,Tesla,198.23
45,02/15/14,Tesla,
46,02/16/14,Tesla,
47,02/17/14,Tesla,
48,02/18/14,Tesla,203.7
49,02/19/14,Tesla,193.64
50,02/20/14,Tesla,209.97
51,02/21/14,Tesla,209.6
52,02/22/14,Tesla,
53,02/23/14,Tesla,
54,02/24/14,Tesla,217.65
55,02/25/14,Tesla,248.0
56,02/26/14,Tesla,253.0
57,02/27/14,Tesla,252.54
58,02/28/14,Tesla,244.81
59,03/01/14,Tesla,
60,03/02/14,Tesla,
61,03/03/14,Tesla,250.56
62,03/04/14,Tesla,254.84
63,03/05/14,Tesla,252.66
64,03/06/14,Tesla,252.94
65,03/07/14,Tesla,246.21
66,03/08/14,Tesla,
67,03/09/14,Tesla,
68,03/10/14,Tesla,238.84
69,03/11/14,Tesla,234.41
70,03/12/14,Tesla,241.49
71,03/13/14,Tesla,237.79
72,03/14/14,Tesla,230.97
73,03/15/14,Tesla,
74,03/16/14,Tesla,
75,03/17/14,Tesla,233.98
76,03/18/14,Tesla,240.04
77,03/19/14,Tesla,235.84
78,03/20/14,Tesla,234.91
79,03/21/14,Tesla,228.89
80,03/22/14,Tesla,
81,03/23/14,Tesla,
82,03/24/14,Tesla,220.17
83,03/25/14,Tesla,220.44
84,03/26/14,Tesla,212.96
85,03/27/14,Tesla,207.32
86,03/28/14,Tesla,212.37
87,03/29/14,Tesla,
88,03/30/14,Tesla,
89,03/31/14,Tesla,208.45
90,04/01/14,Tesla,216.97
91,04/02/14,Tesla,230.29
92,04/03/14,Tesla,225.4
93,04/04/14,Tesla,212.225
94,04/05/14,Tesla,
95,04/06/14,Tesla,
96,04/07/14,Tesla,207.52
97,04/08/14,Tesla,215.46
98,04/09/14,Tesla,216.93
99,04/10/14,Tesla,204.19
100,04/11/14,Tesla,203.78
101,04/12/14,Tesla,
102,04/13/14,Tesla,
103,04/14/14,Tesla,198.09
104,04/15/14,Tesla,193.91
105,04/16/14,Tesla,199.11
106,04/17/14,Tesla,198.12
107,04/18/14,Tesla,
108,04/19/14,Tesla,
109,04/20/14,Tesla,
110,04/21/14,Tesla,204.38
111,04/22/14,Tesla,218.64
112,04/23/14,Tesla,207.99
113,04/24/14,Tesla,207.86
114,04/25/14,Tesla,199.85
115,04/26/14,Tesla,
116,04/27/14,Tesla,
117,04/28/14,Tesla,198.51
118,04/29/14,Tesla,206.92
119,04/30/14,Tesla,207.89
120,05/01/14,Tesla,207.73
121,05/02/14,Tesla,210.91
122,05/03/14,Tesla,
123,05/04/14,Tesla,
124,05/05/14,Tesla,216.61
125,05/06/14,Tesla,207.28
126,05/07/14,Tesla,201.35
127,05/08/14,Tesla,178.59
128,05/09/14,Tesla,182.26
129,05/10/14,Tesla,
130,05/11/14,Tesla,
131,05/12/14,Tesla,184.67
132,05/13/14,Tesla,190.16
133,05/14/14,Tesla,190.62
134,05/15/14,Tesla,188.59
135,05/16/14,Tesla,191.56
136,05/17/14,Tesla,
137,05/18/14,Tesla,
138,05/19/14,Tesla,196.09
139,05/20/14,Tesla,195.3
140,05/21/14,Tesla,199.45
141,05/22/14,Tesla,204.88
142,05/23/14,Tesla,207.3
143,05/24/14,Tesla,
144,05/25/14,Tesla,
145,05/26/14,Tesla,
146,05/27/14,Tesla,211.56
147,05/28/14,Tesla,210.24
148,05/29/14,Tesla,210.24
149,05/30/14,Tesla,207.77
150,05/31/14,Tesla,
151,06/01/14,Tesla,
152,06/02/14,Tesla,204.7
153,06/03/14,Tesla,204.94
154,06/04/14,Tesla,203.99
155,06/05/14,Tesla,206.9
156,06/06/14,Tesla,208.171
157,06/07/14,Tesla,
158,06/08/14,Tesla,
159,06/09/14,Tesla,205.31
160,06/10/14,Tesla,202.3
161,06/11/14,Tesla,204.47
162,06/12/14,Tesla,203.52
163,06/13/14,Tesla,206.42
164,06/14/14,Tesla,
165,06/15/14,Tesla,
166,06/16/14,Tesla,224.61
167,06/17/14,Tesla,231.67
168,06/18/14,Tesla,227.12
169,06/19/14,Tesla,227.79
170,06/20/14,Tesla,229.59
171,06/21/14,Tesla,
172,06/22/14,Tesla,
173,06/23/14,Tesla,237.22
174,06/24/14,Tesla,232.5
175,06/25/14,Tesla,236.891
176,06/26/14,Tesla,235.6
177,06/27/14,Tesla,239.06
178,06/28/14,Tesla,
179,06/29/14,Tesla,
180,06/30/14,Tesla,240.06
181,07/01/14,Tesla,239.72
182,07/02/14,Tesla,229.425
183,07/03/14,Tesla,229.25
184,07/04/14,Tesla,
185,07/05/14,Tesla,
186,07/06/14,Tesla,
187,07/07/14,Tesla,222.66
188,07/08/14,Tesla,219.07
189,07/09/14,Tesla,223.06
190,07/10/14,Tesla,219.46
191,07/11/14,Tesla,218.13
192,07/12/14,Tesla,
193,07/13/14,Tesla,
194,07/14/14,Tesla,226.7
195,07/15/14,Tesla,219.58
196,07/16/14,Tesla,217.16
197,07/17/14,Tesla,215.4
198,07/18/14,Tesla,220.0201
199,07/19/14,Tesla,
200,07/20/14,Tesla,
201,07/21/14,Tesla,220.54
202,07/22/14,Tesla,219.58
203,07/23/14,Tesla,222.49
204,07/24/14,Tesla,223.54
205,07/25/14,Tesla,223.57
206,07/26/14,Tesla,
207,07/27/14,Tesla,
208,07/28/14,Tesla,224.82
209,07/29/14,Tesla,225.01
210,07/30/14,Tesla,228.92
211,07/31/14,Tesla,223.3
212,08/01/14,Tesla,233.27
213,08/02/14,Tesla,
214,08/03/14,Tesla,
215,08/04/14,Tesla,238.52
216,08/05/14,Tesla,238.49
217,08/06/14,Tesla,248.9301
218,08/07/14,Tesla,252.39
219,08/08/14,Tesla,248.13
220,08/09/14,Tesla,
221,08/10/14,Tesla,
222,08/11/14,Tesla,259.32
223,08/12/14,Tesla,259.96
224,08/13/14,Tesla,260.31
225,08/14/14,Tesla,261.38
226,08/15/14,Tesla,262.01
227,08/16/14,Tesla,
228,08/17/14,Tesla,
229,08/18/14,Tesla,259.94
230,08/19/14,Tesla,256.76
231,08/20/14,Tesla,255.71
232,08/21/14,Tesla,254.34
233,08/22/14,Tesla,256.78
234,08/23/14,Tesla,
235,08/24/14,Tesla,
236,08/25/14,Tesla,262.55
237,08/26/14,Tesla,261.74
238,08/27/14,Tesla,263.25
239,08/28/14,Tesla,263.86
240,08/29/14,Tesla,269.7
241,08/30/14,Tesla,
242,08/31/14,Tesla,
243,09/01/14,Tesla,
244,09/02/14,Tesla,284.12
245,09/03/14,Tesla,281.19
246,09/04/14,Tesla,286.04
247,09/05/14,Tesla,277.39
248,09/06/14,Tesla,
249,09/07/14,Tesla,
250,09/08/14,Tesla,282.11
251,09/09/14,Tesla,278.48
252,09/10/14,Tesla,281.1
253,09/11/14,Tesla,280.31
254,09/12/14,Tesla,279.2
255,09/13/14,Tesla,
256,09/14/14,Tesla,
257,09/15/14,Tesla,253.86
258,09/16/14,Tesla,260.74
259,09/17/14,Tesla,261.38
260,09/18/14,Tesla,263.82
261,09/19/14,Tesla,259.32
262,09/20/14,Tesla,
263,09/21/14,Tesla,
264,09/22/14,Tesla,250.03
265,09/23/14,Tesla,250.41
266,09/24/14,Tesla,252.14
267,09/25/14,Tesla,246.95
268,09/26/14,Tesla,246.6
269,09/27/14,Tesla,
270,09/28/14,Tesla,
271,09/29/14,Tesla,245.26
272,09/30/14,Tesla,242.68
273,10/01/14,Tesla,240.24
274,10/02/14,Tesla,251.42
275,10/03/14,Tesla,255.21
276,10/04/14,Tesla,
277,10/05/14,Tesla,
278,10/06/14,Tesla,260.62
279,10/07/14,Tesla,259.57
280,10/08/14,Tesla,259.28
281,10/09/14,Tesla,257.01
282,10/10/14,Tesla,236.91
283,10/11/14,Tesla,
284,10/12/14,Tesla,
285,10/13/14,Tesla,224.59
286,10/14/14,Tesla,227.06
287,10/15/14,Tesla,229.7
288,10/16/14,Tesla,226.35
289,10/17/14,Tesla,227.48
290,10/18/14,Tesla,
291,10/19/14,Tesla,
292,10/20/14,Tesla,230.47
293,10/21/14,Tesla,235.34
294,10/22/14,Tesla,231.1
295,10/23/14,Tesla,235.29
296,10/24/14,Tesla,235.24
297,10/25/14,Tesla,
298,10/26/14,Tesla,
299,10/27/14,Tesla,221.67
300,10/28/14,Tesla,242.77
301,10/29/14,Tesla,238.1
302,10/30/14,Tesla,238.66
303,10/31/14,Tesla,241.7
304,11/01/14,Tesla,
305,11/02/14,Tesla,
306,11/03/14,Tesla,242.59
307,11/04/14,Tesla,238.93
308,11/05/14,Tesla,230.97
309,11/06/14,Tesla,241.22
310,11/07/14,Tesla,240.2
311,11/08/14,Tesla,
312,11/09/14,Tesla,
313,11/10/14,Tesla,241.93
314,11/11/14,Tesla,251.08
315,11/12/14,Tesla,249.1
316,11/13/14,Tesla,251.7
317,11/14/14,Tesla,258.68
318,11/15/14,Tesla,
319,11/16/14,Tesla,
320,11/17/14,Tesla,253.98
321,11/18/14,Tesla,257.7
322,11/19/14,Tesla,247.74
323,11/20/14,Tesla,248.71
324,11/21/14,Tesla,242.78
325,11/22/14,Tesla,
326,11/23/14,Tesla,
327,11/24/14,Tesla,246.72
328,11/25/14,Tesla,248.09
329,11/26/14,Tesla,248.44
330,11/27/14,Tesla,
331,11/28/14,Tesla,244.52
332,11/29/14,Tesla,
333,11/30/14,Tesla,
334,12/01/14,Tesla,231.64
335,12/02/14,Tesla,231.43
336,12/03/14,Tesla,229.3
337,12/04/14,Tesla,228.28
338,12/05/14,Tesla,223.71
339,12/06/14,Tesla,
340,12/07/14,Tesla,
341,12/08/14,Tesla,214.36
342,12/09/14,Tesla,216.89
343,12/10/14,Tesla,209.84
344,12/11/14,Tesla,208.88
345,12/12/14,Tesla,207.0
346,12/13/14,Tesla,
347,12/14/14,Tesla,
348,12/15/14,Tesla,204.04
349,12/16/14,Tesla,197.81
350,12/17/14,Tesla,205.82
351,12/18/14,Tesla,218.26
352,12/19/14,Tesla,219.29
353,12/20/14,Tesla,
354,12/21/14,Tesla,
355,12/22/14,Tesla,222.6
356,12/23/14,Tesla,220.97
357,12/24/14,Tesla,222.26
358,12/25/14,Tesla,
359,12/26/14,Tesla,227.82
360,12/27/14,Tesla,
361,12/28/14,Tesla,
362,12/29/14,Tesla,225.71
363,12/30/14,Tesla,222.23
364,12/31/14,Tesla,222.41
365,01/01/15,Tesla,
366,01/02/15,Tesla,219.31
367,01/03/15,Tesla,
368,01/04/15,Tesla,
369,01/05/15,Tesla,210.09
370,01/06/15,Tesla,211.28
371,01/07/15,Tesla,210.95
372,01/08/15,Tesla,210.615
373,01/09/15,Tesla,206.66
374,01/10/15,Tesla,
375,01/11/15,Tesla,
376,01/12/15,Tesla,202.21
377,01/13/15,Tesla,204.25
378,01/14/15,Tesla,192.69
379,01/15/15,Tesla,191.87
380,01/16/15,Tesla,193.07
381,01/17/15,Tesla,
382,01/18/15,Tesla,
383,01/19/15,Tesla,
384,01/20/15,Tesla,191.93
385,01/21/15,Tesla,196.57
386,01/22/15,Tesla,201.62
387,01/23/15,Tesla,201.29
388,01/24/15,Tesla,
389,01/25/15,Tesla,
390,01/26/15,Tesla,206.55
391,01/27/15,Tesla,205.98
392,01/28/15,Tesla,199.37
393,01/29/15,Tesla,205.2
394,01/30/15,Tesla,203.6
395,01/31/15,Tesla,
396,02/01/15,Tesla,
397,02/02/15,Tesla,210.94
398,02/03/15,Tesla,218.36
399,02/04/15,Tesla,218.55
400,02/05/15,Tesla,220.99
401,02/06/15,Tesla,217.36
402,02/07/15,Tesla,
403,02/08/15,Tesla,
404,02/09/15,Tesla,217.48
405,02/10/15,Tesla,216.29
406,02/11/15,Tesla,212.8
407,02/12/15,Tesla,202.88
408,02/13/15,Tesla,203.77
409,02/14/15,Tesla,
410,02/15/15,Tesla,
411,02/16/15,Tesla,
412,02/17/15,Tesla,204.35
413,02/18/15,Tesla,204.46
414,02/19/15,Tesla,211.705
415,02/20/15,Tesla,217.11
416,02/21/15,Tesla,
417,02/22/15,Tesla,
418,02/23/15,Tesla,207.335
419,02/24/15,Tesla,204.11
420,02/25/15,Tesla,203.76
421,02/26/15,Tesla,207.19
422,02/27/15,Tesla,203.34
423,02/28/15,Tesla,
424,03/01/15,Tesla,
425,03/02/15,Tesla,197.325
426,03/03/15,Tesla,199.56
427,03/04/15,Tesla,202.435
428,03/05/15,Tesla,200.63
429,03/06/15,Tesla,193.88
430,03/07/15,Tesla,
431,03/08/15,Tesla,
432,03/09/15,Tesla,190.88
433,03/10/15,Tesla,190.32
434,03/11/15,Tesla,193.74
435,03/12/15,Tesla,191.07
436,03/13/15,Tesla,188.68
437,03/14/15,Tesla,
438,03/15/15,Tesla,
439,03/16/15,Tesla,195.7
440,03/17/15,Tesla,194.73
441,03/18/15,Tesla,200.71
442,03/19/15,Tesla,195.65
443,03/20/15,Tesla,198.08
444,03/21/15,Tesla,
445,03/22/15,Tesla,
446,03/23/15,Tesla,199.63
447,03/24/15,Tesla,201.72
448,03/25/15,Tesla,194.3
449,03/26/15,Tesla,190.405
450,03/27/15,Tesla,185.0
451,03/28/15,Tesla,
452,03/29/15,Tesla,
453,03/30/15,Tesla,190.57
454,03/31/15,Tesla,188.77
455,04/01/15,Tesla,187.59
456,04/02/15,Tesla,191.0
457,04/03/15,Tesla,
458,04/04/15,Tesla,
459,04/05/15,Tesla,
460,04/06/15,Tesla,203.1
461,04/07/15,Tesla,203.25
462,04/08/15,Tesla,207.67
463,04/09/15,Tesla,210.09
464,04/10/15,Tesla,210.9
465,04/11/15,Tesla,
466,04/12/15,Tesla,
467,04/13/15,Tesla,209.78
468,04/14/15,Tesla,207.46
469,04/15/15,Tesla,207.83
470,04/16/15,Tesla,206.7
471,04/17/15,Tesla,206.79
472,04/18/15,Tesla,
473,04/19/15,Tesla,
474,04/20/15,Tesla,205.27
475,04/21/15,Tesla,209.41
476,04/22/15,Tesla,219.44
477,04/23/15,Tesla,218.6
478,04/24/15,Tesla,218.425
479,04/25/15,Tesla,
480,04/26/15,Tesla,
481,04/27/15,Tesla,231.55
482,04/28/15,Tesla,230.48
483,04/29/15,Tesla,232.45
484,04/30/15,Tesla,226.05
485,05/01/15,Tesla,226.03
486,05/02/15,Tesla,
487,05/03/15,Tesla,
488,05/04/15,Tesla,230.51
489,05/05/15,Tesla,232.95
490,05/06/15,Tesla,230.43
491,05/07/15,Tesla,236.8
492,05/08/15,Tesla,236.61
493,05/09/15,Tesla,
494,05/10/15,Tesla,
495,05/11/15,Tesla,239.49
496,05/12/15,Tesla,244.74
497,05/13/15,Tesla,243.18
498,05/14/15,Tesla,244.1
499,05/15/15,Tesla,248.84
500,05/16/15,Tesla,
501,05/17/15,Tesla,
502,05/18/15,Tesla,248.75
503,05/19/15,Tesla,247.14
504,05/20/15,Tesla,244.35
505,05/21/15,Tesla,245.62
506,05/22/15,Tesla,247.73
507,05/23/15,Tesla,
508,05/24/15,Tesla,
509,05/25/15,Tesla,
510,05/26/15,Tesla,247.455
511,05/27/15,Tesla,247.43
512,05/28/15,Tesla,251.45
513,05/29/15,Tesla,250.8
514,05/30/15,Tesla,
515,05/31/15,Tesla,
516,06/01/15,Tesla,249.45
517,06/02/15,Tesla,248.35
518,06/03/15,Tesla,248.99
519,06/04/15,Tesla,245.92
520,06/05/15,Tesla,249.14
521,06/06/15,Tesla,
522,06/07/15,Tesla,
523,06/08/15,Tesla,256.29
524,06/09/15,Tesla,256.0
525,06/10/15,Tesla,250.7
526,06/11/15,Tesla,251.41
527,06/12/15,Tesla,250.69
528,06/13/15,Tesla,
529,06/14/15,Tesla,
530,06/15/15,Tesla,250.38
531,06/16/15,Tesla,253.12
532,06/17/15,Tesla,260.41
533,06/18/15,Tesla,261.89
534,06/19/15,Tesla,262.51
535,06/20/15,Tesla,
536,06/21/15,Tesla,
537,06/22/15,Tesla,259.79
538,06/23/15,Tesla,267.67
539,06/24/15,Tesla,265.17
540,06/25/15,Tesla,268.79
541,06/26/15,Tesla,267.09
542,06/27/15,Tesla,
543,06/28/15,Tesla,
544,06/29/15,Tesla,262.02
545,06/30/15,Tesla,268.26
546,07/01/15,Tesla,269.15
547,07/02/15,Tesla,280.02
548,07/03/15,Tesla,
549,07/04/15,Tesla,
550,07/05/15,Tesla,
551,07/06/15,Tesla,279.72
552,07/07/15,Tesla,267.88
553,07/08/15,Tesla,254.96
554,07/09/15,Tesla,257.92
555,07/10/15,Tesla,259.15
556,07/11/15,Tesla,
557,07/12/15,Tesla,
558,07/13/15,Tesla,262.16
559,07/14/15,Tesla,265.65
560,07/15/15,Tesla,263.14
561,07/16/15,Tesla,266.68
562,07/17/15,Tesla,274.66
563,07/18/15,Tesla,
564,07/19/15,Tesla,
565,07/20/15,Tesla,282.26
566,07/21/15,Tesla,266.77
567,07/22/15,Tesla,267.87
568,07/23/15,Tesla,267.2
569,07/24/15,Tesla,265.41
570,07/25/15,Tesla,
571,07/26/15,Tesla,
572,07/27/15,Tesla,253.01
573,07/28/15,Tesla,264.82
574,07/29/15,Tesla,263.82
575,07/30/15,Tesla,266.79
576,07/31/15,Tesla,266.15
577,08/01/15,Tesla,
578,08/02/15,Tesla,
579,08/03/15,Tesla,259.99
580,08/04/15,Tesla,266.28
581,08/05/15,Tesla,270.13
582,08/06/15,Tesla,246.13
583,08/07/15,Tesla,242.51
584,08/08/15,Tesla,
585,08/09/15,Tesla,
586,08/10/15,Tesla,241.14
587,08/11/15,Tesla,237.37
588,08/12/15,Tesla,238.17
589,08/13/15,Tesla,242.51
590,08/14/15,Tesla,243.15
591,08/15/15,Tesla,
592,08/16/15,Tesla,
593,08/17/15,Tesla,254.99
594,08/18/15,Tesla,260.72
595,08/19/15,Tesla,255.25
596,08/20/15,Tesla,242.18
597,08/21/15,Tesla,230.77
598,08/22/15,Tesla,
599,08/23/15,Tesla,
600,08/24/15,Tesla,218.87
601,08/25/15,Tesla,220.03
602,08/26/15,Tesla,224.84
603,08/27/15,Tesla,242.99
604,08/28/15,Tesla,248.48
605,08/29/15,Tesla,
606,08/30/15,Tesla,
607,08/31/15,Tesla,249.06
608,09/01/15,Tesla,238.63
609,09/02/15,Tesla,247.69
610,09/03/15,Tesla,245.57
611,09/04/15,Tesla,241.93
612,09/05/15,Tesla,
613,09/06/15,Tesla,
614,09/07/15,Tesla,
615,09/08/15,Tesla,248.17
616,09/09/15,Tesla,248.91
617,09/10/15,Tesla,248.48
618,09/11/15,Tesla,250.24
619,09/12/15,Tesla,
620,09/13/15,Tesla,
621,09/14/15,Tesla,253.19
622,09/15/15,Tesla,253.57
623,09/16/15,Tesla,262.25
624,09/17/15,Tesla,262.07
625,09/18/15,Tesla,260.62
626,09/19/15,Tesla,
627,09/20/15,Tesla,
628,09/21/15,Tesla,264.2
629,09/22/15,Tesla,260.94
630,09/23/15,Tesla,261.06
631,09/24/15,Tesla,263.12
632,09/25/15,Tesla,256.91
633,09/26/15,Tesla,
634,09/27/15,Tesla,
635,09/28/15,Tesla,248.43
636,09/29/15,Tesla,246.65
637,09/30/15,Tesla,248.4
638,10/01/15,Tesla,239.88
639,10/02/15,Tesla,247.57
640,10/03/15,Tesla,
641,10/04/15,Tesla,
642,10/05/15,Tesla,246.15
643,10/06/15,Tesla,241.46
644,10/07/15,Tesla,231.96
645,10/08/15,Tesla,226.72
646,10/09/15,Tesla,220.69
647,10/10/15,Tesla,
648,10/11/15,Tesla,
649,10/12/15,Tesla,215.58
650,10/13/15,Tesla,219.25
651,10/14/15,Tesla,216.88
652,10/15/15,Tesla,221.31
653,10/16/15,Tesla,227.01
654,10/17/15,Tesla,
655,10/18/15,Tesla,
656,10/19/15,Tesla,228.1
657,10/20/15,Tesla,213.03
658,10/21/15,Tesla,210.09
659,10/22/15,Tesla,211.72
660,10/23/15,Tesla,209.09
661,10/24/15,Tesla,
662,10/25/15,Tesla,
663,10/26/15,Tesla,215.26
664,10/27/15,Tesla,210.35
665,10/28/15,Tesla,212.96
666,10/29/15,Tesla,211.63
667,10/30/15,Tesla,206.93
668,10/31/15,Tesla,
669,11/01/15,Tesla,
670,11/02/15,Tesla,213.79
671,11/03/15,Tesla,208.35
672,11/04/15,Tesla,231.63
673,11/05/15,Tesla,231.77
674,11/06/15,Tesla,232.36
675,11/07/15,Tesla,
676,11/08/15,Tesla,
677,11/09/15,Tesla,225.33
678,11/10/15,Tesla,216.5
679,11/11/15,Tesla,219.08
680,11/12/15,Tesla,212.94
681,11/13/15,Tesla,207.19
682,11/14/15,Tesla,
683,11/15/15,Tesla,
684,11/16/15,Tesla,214.31
685,11/17/15,Tesla,214.0
686,11/18/15,Tesla,221.07
687,11/19/15,Tesla,221.8
688,11/20/15,Tesla,220.01
689,11/21/15,Tesla,
690,11/22/15,Tesla,
691,11/23/15,Tesla,217.75
692,11/24/15,Tesla,218.25
693,11/25/15,Tesla,229.64
694,11/26/15,Tesla,
695,11/27/15,Tesla,231.61
696,11/28/15,Tesla,
697,11/29/15,Tesla,
698,11/30/15,Tesla,230.26
699,12/01/15,Tesla,237.19
700,12/02/15,Tesla,231.99
701,12/03/15,Tesla,232.71
702,12/04/15,Tesla,230.38
703,12/05/15,Tesla,
704,12/06/15,Tesla,
705,12/07/15,Tesla,231.13
706,12/08/15,Tesla,226.72
707,12/09/15,Tesla,224.52
708,12/10/15,Tesla,227.07
709,12/11/15,Tesla,217.02
710,12/12/15,Tesla,
711,12/13/15,Tesla,
712,12/14/15,Tesla,218.58
713,12/15/15,Tesla,221.09
714,12/16/15,Tesla,234.51
715,12/17/15,Tesla,233.39
716,12/18/15,Tesla,230.46
717,12/19/15,Tesla,
718,12/20/15,Tesla,
719,12/21/15,Tesla,232.56
720,12/22/15,Tesla,229.95
721,12/23/15,Tesla,229.7
722,12/24/15,Tesla,230.57
723,12/25/15,Tesla,
724,12/26/15,Tesla,
725,12/27/15,Tesla,
726,12/28/15,Tesla,228.95
727,12/29/15,Tesla,237.19
728,12/30/15,Tesla,238.09
729,12/31/15,Tesla,240.01
730,01/01/16,Tesla,
731,01/02/16,Tesla,
732,01/03/16,Tesla,
733,01/04/16,Tesla,223.41
734,01/05/16,Tesla,223.43
735,01/06/16,Tesla,219.04
736,01/07/16,Tesla,215.65
737,01/08/16,Tesla,211.0
738,01/09/16,Tesla,
739,01/10/16,Tesla,
740,01/11/16,Tesla,207.85
741,01/12/16,Tesla,209.97
742,01/13/16,Tesla,200.31
743,01/14/16,Tesla,206.18
744,01/15/16,Tesla,204.99
745,01/16/16,Tesla,
746,01/17/16,Tesla,
747,01/18/16,Tesla,
748,01/19/16,Tesla,204.72
749,01/20/16,Tesla,198.7
750,01/21/16,Tesla,199.97
751,01/22/16,Tesla,202.55
752,01/23/16,Tesla,
753,01/24/16,Tesla,
754,01/25/16,Tesla,196.38
755,01/26/16,Tesla,193.56
756,01/27/16,Tesla,188.07
757,01/28/16,Tesla,189.7
758,01/29/16,Tesla,191.2
759,01/30/16,Tesla,
760,01/31/16,Tesla,
761,02/01/16,Tesla,196.94
762,02/02/16,Tesla,182.78
763,02/03/16,Tesla,173.48
764,02/04/16,Tesla,175.33
765,02/05/16,Tesla,162.6
766,02/06/16,Tesla,
767,02/07/16,Tesla,
768,02/08/16,Tesla,147.99
769,02/09/16,Tesla,148.25
770,02/10/16,Tesla,143.67
771,02/11/16,Tesla,150.47
772,02/12/16,Tesla,151.04
773,02/13/16,Tesla,
774,02/14/16,Tesla,
775,02/15/16,Tesla,
776,02/16/16,Tesla,155.17
777,02/17/16,Tesla,168.68
778,02/18/16,Tesla,166.77
779,02/19/16,Tesla,166.58
780,02/20/16,Tesla,
781,02/21/16,Tesla,
782,02/22/16,Tesla,177.74
783,02/23/16,Tesla,177.21
784,02/24/16,Tesla,179.0
785,02/25/16,Tesla,187.43
786,02/26/16,Tesla,190.34
787,02/27/16,Tesla,
788,02/28/16,Tesla,
789,02/29/16,Tesla,191.93
790,03/01/16,Tesla,186.35
791,03/02/16,Tesla,188.34
792,03/03/16,Tesla,195.74
793,03/04/16,Tesla,201.04
794,03/05/16,Tesla,
795,03/06/16,Tesla,
796,03/07/16,Tesla,205.29
797,03/08/16,Tesla,202.6
798,03/09/16,Tesla,208.72
799,03/10/16,Tesla,205.18
800,03/11/16,Tesla,207.5
801,03/12/16,Tesla,
802,03/13/16,Tesla,
803,03/14/16,Tesla,215.15
804,03/15/16,Tesla,218.34
805,03/16/16,Tesla,221.93
806,03/17/16,Tesla,226.38
807,03/18/16,Tesla,232.74
808,03/19/16,Tesla,
809,03/20/16,Tesla,
810,03/21/16,Tesla,238.32
811,03/22/16,Tesla,234.24
812,03/23/16,Tesla,222.58
813,03/24/16,Tesla,227.75
814,03/25/16,Tesla,
815,03/26/16,Tesla,
816,03/27/16,Tesla,
817,03/28/16,Tesla,230.26
818,03/29/16,Tesla,230.13
819,03/30/16,Tesla,226.89
820,03/31/16,Tesla,229.77
821,04/01/16,Tesla,237.59
822,04/02/16,Tesla,
823,04/03/16,Tesla,
824,04/04/16,Tesla,246.99
825,04/05/16,Tesla,255.47
826,04/06/16,Tesla,265.42
827,04/07/16,Tesla,257.2
828,04/08/16,Tesla,250.07
829,04/09/16,Tesla,
830,04/10/16,Tesla,
831,04/11/16,Tesla,249.92
832,04/12/16,Tesla,247.82
833,04/13/16,Tesla,254.53
834,04/14/16,Tesla,251.86
835,04/15/16,Tesla,254.51
836,04/16/16,Tesla,
837,04/17/16,Tesla,
838,04/18/16,Tesla,253.88
839,04/19/16,Tesla,247.37
840,04/20/16,Tesla,249.97
841,04/21/16,Tesla,248.29
842,04/22/16,Tesla,253.75
843,04/23/16,Tesla,
844,04/24/16,Tesla,
845,04/25/16,Tesla,251.82
846,04/26/16,Tesla,253.74
847,04/27/16,Tesla,251.47
848,04/28/16,Tesla,247.71
849,04/29/16,Tesla,240.76
850,04/30/16,Tesla,
851,05/01/16,Tesla,
852,05/02/16,Tesla,241.8
853,05/03/16,Tesla,232.32
854,05/04/16,Tesla,222.56
855,05/05/16,Tesla,211.53
856,05/06/16,Tesla,214.93
857,05/07/16,Tesla,
858,05/08/16,Tesla,
859,05/09/16,Tesla,208.92
860,05/10/16,Tesla,208.69
861,05/11/16,Tesla,208.96
862,05/12/16,Tesla,207.28
863,05/13/16,Tesla,207.61
864,05/14/16,Tesla,
865,05/15/16,Tesla,
866,05/16/16,Tesla,208.29
867,05/17/16,Tesla,204.66
868,05/18/16,Tesla,211.17
869,05/19/16,Tesla,215.21
870,05/20/16,Tesla,220.28
871,05/21/16,Tesla,
872,05/22/16,Tesla,
873,05/23/16,Tesla,216.22
874,05/24/16,Tesla,217.91
875,05/25/16,Tesla,219.58
876,05/26/16,Tesla,225.12
877,05/27/16,Tesla,223.04
878,05/28/16,Tesla,
879,05/29/16,Tesla,
880,05/30/16,Tesla,
881,05/31/16,Tesla,223.23
882,06/01/16,Tesla,219.56
883,06/02/16,Tesla,218.96
884,06/03/16,Tesla,218.99
885,06/04/16,Tesla,
886,06/05/16,Tesla,
887,06/06/16,Tesla,220.68
888,06/07/16,Tesla,232.34
889,06/08/16,Tesla,235.52
890,06/09/16,Tesla,229.36
891,06/10/16,Tesla,218.79
892,06/11/16,Tesla,
893,06/12/16,Tesla,
894,06/13/16,Tesla,217.87
895,06/14/16,Tesla,214.96
896,06/15/16,Tesla,217.7
897,06/16/16,Tesla,217.93
898,06/17/16,Tesla,215.47
899,06/18/16,Tesla,
900,06/19/16,Tesla,
901,06/20/16,Tesla,219.7
902,06/21/16,Tesla,219.61
903,06/22/16,Tesla,196.66
904,06/23/16,Tesla,196.4
905,06/24/16,Tesla,193.15
906,06/25/16,Tesla,
907,06/26/16,Tesla,
908,06/27/16,Tesla,198.55
909,06/28/16,Tesla,201.79
910,06/29/16,Tesla,210.19
911,06/30/16,Tesla,212.28
912,07/01/16,Tesla,216.5
913,07/02/16,Tesla,
914,07/03/16,Tesla,
915,07/04/16,Tesla,
916,07/05/16,Tesla,213.98
917,07/06/16,Tesla,214.44
918,07/07/16,Tesla,215.94
919,07/08/16,Tesla,216.78
920,07/09/16,Tesla,
921,07/10/16,Tesla,
922,07/11/16,Tesla,224.78
923,07/12/16,Tesla,224.65
924,07/13/16,Tesla,222.53
925,07/14/16,Tesla,221.53
926,07/15/16,Tesla,220.4
927,07/16/16,Tesla,
928,07/17/16,Tesla,
929,07/18/16,Tesla,226.25
930,07/19/16,Tesla,225.26
931,07/20/16,Tesla,228.36
932,07/21/16,Tesla,220.5
933,07/22/16,Tesla,222.27
934,07/23/16,Tesla,
935,07/24/16,Tesla,
936,07/25/16,Tesla,230.01
937,07/26/16,Tesla,229.51
938,07/27/16,Tesla,228.49
939,07/28/16,Tesla,230.61
940,07/29/16,Tesla,234.79
941,07/30/16,Tesla,
942,07/31/16,Tesla,
943,08/01/16,Tesla,230.01
944,08/02/16,Tesla,227.2
945,08/03/16,Tesla,225.79
946,08/04/16,Tesla,230.61
947,08/05/16,Tesla,230.03
948,08/06/16,Tesla,
949,08/07/16,Tesla,
950,08/08/16,Tesla,226.16
951,08/09/16,Tesla,229.08
952,08/10/16,Tesla,225.65
953,08/11/16,Tesla,224.91
954,08/12/16,Tesla,225.61
955,08/13/16,Tesla,
956,08/14/16,Tesla,
957,08/15/16,Tesla,225.59
958,08/16/16,Tesla,223.61
959,08/17/16,Tesla,223.24
960,08/18/16,Tesla,223.51
961,08/19/16,Tesla,225.0
962,08/20/16,Tesla,
963,08/21/16,Tesla,
964,08/22/16,Tesla,222.93
965,08/23/16,Tesla,224.84
966,08/24/16,Tesla,222.62
967,08/25/16,Tesla,220.96
968,08/26/16,Tesla,219.99
969,08/27/16,Tesla,
970,08/28/16,Tesla,
971,08/29/16,Tesla,215.2
972,08/30/16,Tesla,211.34
973,08/31/16,Tesla,212.01
974,09/01/16,Tesla,200.77
975,09/02/16,Tesla,197.78
976,09/03/16,Tesla,
977,09/04/16,Tesla,
978,09/05/16,Tesla,
979,09/06/16,Tesla,202.83
980,09/07/16,Tesla,201.71
981,09/08/16,Tesla,197.36
982,09/09/16,Tesla,194.47
983,09/10/16,Tesla,
984,09/11/16,Tesla,
985,09/12/16,Tesla,198.3
986,09/13/16,Tesla,196.05
987,09/14/16,Tesla,196.41
988,09/15/16,Tesla,200.42
989,09/16/16,Tesla,205.4
990,09/17/16,Tesla,
991,09/18/16,Tesla,
992,09/19/16,Tesla,206.34
993,09/20/16,Tesla,204.64
994,09/21/16,Tesla,205.22
995,09/22/16,Tesla,206.43
996,09/23/16,Tesla,207.45
997,09/24/16,Tesla,
998,09/25/16,Tesla,
999,09/26/16,Tesla,208.99
1000,09/27/16,Tesla,205.81
1001,09/28/16,Tesla,206.27
1002,09/29/16,Tesla,200.7
1003,09/30/16,Tesla,204.03
1004,10/01/16,Tesla,
1005,10/02/16,Tesla,
1006,10/03/16,Tesla,213.7
1007,10/04/16,Tesla,211.41
1008,10/05/16,Tesla,208.46
1009,10/06/16,Tesla,201.0
1010,10/07/16,Tesla,196.61
1011,10/08/16,Tesla,
1012,10/09/16,Tesla,
1013,10/10/16,Tesla,200.95
1014,10/11/16,Tesla,200.1
1015,10/12/16,Tesla,201.51
1016,10/13/16,Tesla,200.24
1017,10/14/16,Tesla,196.51
1018,10/15/16,Tesla,
1019,10/16/16,Tesla,
1020,10/17/16,Tesla,193.96
1021,10/18/16,Tesla,199.1
1022,10/19/16,Tesla,203.56
1023,10/20/16,Tesla,199.1
1024,10/21/16,Tesla,200.09
1025,10/22/16,Tesla,
1026,10/23/16,Tesla,
1027,10/24/16,Tesla,202.76
1028,10/25/16,Tesla,202.34
1029,10/26/16,Tesla,202.24
1030,10/27/16,Tesla,204.01
1031,10/28/16,Tesla,199.97
1032,10/29/16,Tesla,
1033,10/30/16,Tesla,
1034,10/31/16,Tesla,197.73
1035,11/01/16,Tesla,190.79
1036,11/02/16,Tesla,188.02
1037,11/03/16,Tesla,187.42
1038,11/04/16,Tesla,190.56
1039,11/05/16,Tesla,
1040,11/06/16,Tesla,
1041,11/07/16,Tesla,193.21
1042,11/08/16,Tesla,194.94
1043,11/09/16,Tesla,190.06
1044,11/10/16,Tesla,185.35
1045,11/11/16,Tesla,188.56
1046,11/12/16,Tesla,
1047,11/13/16,Tesla,
1048,11/14/16,Tesla,181.45
1049,11/15/16,Tesla,183.77
1050,11/16/16,Tesla,183.93
1051,11/17/16,Tesla,188.66
1052,11/18/16,Tesla,185.02
1053,11/19/16,Tesla,
1054,11/20/16,Tesla,
1055,11/21/16,Tesla,184.52
1056,11/22/16,Tesla,191.17
1057,11/23/16,Tesla,193.14
1058,11/24/16,Tesla,
1059,11/25/16,Tesla,196.65
1060,11/26/16,Tesla,
1061,11/27/16,Tesla,
1062,11/28/16,Tesla,196.12
1063,11/29/16,Tesla,189.57
1064,11/30/16,Tesla,189.4
1065,12/01/16,Tesla,181.88
1066,12/02/16,Tesla,181.47
1067,12/03/16,Tesla,
1068,12/04/16,Tesla,
1069,12/05/16,Tesla,186.8
1070,12/06/16,Tesla,185.85
1071,12/07/16,Tesla,193.15
1072,12/08/16,Tesla,192.29
1073,12/09/16,Tesla,192.18
1074,12/10/16,Tesla,
1075,12/11/16,Tesla,
1076,12/12/16,Tesla,192.43
1077,12/13/16,Tesla,198.15
1078,12/14/16,Tesla,198.69
1079,12/15/16,Tesla,197.58
1080,12/16/16,Tesla,202.49
1081,12/17/16,Tesla,
1082,12/18/16,Tesla,
1083,12/19/16,Tesla,202.73
1084,12/20/16,Tesla,208.79
1085,12/21/16,Tesla,207.7
1086,12/22/16,Tesla,208.45
1087,12/23/16,Tesla,213.34
1088,12/24/16,Tesla,
1089,12/25/16,Tesla,
1090,12/26/16,Tesla,
1091,12/27/16,Tesla,219.53
1092,12/28/16,Tesla,219.74
1093,12/29/16,Tesla,214.68
1094,12/30/16,Tesla,213.69
1095,12/31/16,Tesla,
1096,01/01/17,Tesla,
1097,01/02/17,Tesla,
1098,01/03/17,Tesla,216.99
1099,01/04/17,Tesla,226.99
1100,01/05/17,Tesla,226.75
1101,01/06/17,Tesla,229.01
1102,01/07/17,Tesla,
1103,01/08/17,Tesla,
1104,01/09/17,Tesla,231.28
1105,01/10/17,Tesla,229.87
1106,01/11/17,Tesla,229.73
1107,01/12/17,Tesla,229.59
1108,01/13/17,Tesla,237.75
1109,01/14/17,Tesla,
1110,01/15/17,Tesla,
1111,01/16/17,Tesla,
1112,01/17/17,Tesla,235.58
1113,01/18/17,Tesla,238.36
1114,01/19/17,Tesla,243.76
1115,01/20/17,Tesla,244.73
1116,01/21/17,Tesla,
1117,01/22/17,Tesla,
1118,01/23/17,Tesla,248.92
1119,01/24/17,Tesla,254.61
1120,01/25/17,Tesla,254.47
1121,01/26/17,Tesla,252.51
1122,01/27/17,Tesla,252.95
1123,01/28/17,Tesla,
1124,01/29/17,Tesla,
1125,01/30/17,Tesla,250.63
1126,01/31/17,Tesla,251.93
1127,02/01/17,Tesla,249.24
1128,02/02/17,Tesla,251.55
1129,02/03/17,Tesla,251.33
1130,02/04/17,Tesla,
1131,02/05/17,Tesla,
1132,02/06/17,Tesla,257.77
1133,02/07/17,Tesla,257.48
1134,02/08/17,Tesla,262.08
1135,02/09/17,Tesla,269.2
1136,02/10/17,Tesla,269.23
1137,02/11/17,Tesla,
1138,02/12/17,Tesla,
1139,02/13/17,Tesla,280.6
1140,02/14/17,Tesla,280.98
1141,02/15/17,Tesla,279.76
1142,02/16/17,Tesla,268.95
1143,02/17/17,Tesla,272.23
1144,02/18/17,Tesla,
1145,02/19/17,Tesla,
1146,02/20/17,Tesla,
1147,02/21/17,Tesla,277.39
1148,02/22/17,Tesla,273.51
1149,02/23/17,Tesla,255.99
1150,02/24/17,Tesla,257.0
1151,02/25/17,Tesla,
1152,02/26/17,Tesla,
1153,02/27/17,Tesla,246.23
1154,02/28/17,Tesla,249.99
1155,03/01/17,Tesla,250.02
1156,03/02/17,Tesla,250.48
1157,03/03/17,Tesla,251.57
1158,03/04/17,Tesla,
1159,03/05/17,Tesla,
1160,03/06/17,Tesla,251.21
1161,03/07/17,Tesla,248.59
1162,03/08/17,Tesla,246.87
1163,03/09/17,Tesla,244.9
1164,03/10/17,Tesla,243.69
1165,03/11/17,Tesla,
1166,03/12/17,Tesla,
1167,03/13/17,Tesla,246.17
1168,03/14/17,Tesla,258.0
1169,03/15/17,Tesla,255.73
1170,03/16/17,Tesla,262.05
1171,03/17/17,Tesla,261.5
1172,03/18/17,Tesla,
1173,03/19/17,Tesla,
1174,03/20/17,Tesla,261.92
1175,03/21/17,Tesla,250.68
1176,03/22/17,Tesla,255.01
1177,03/23/17,Tesla,254.78
1178,03/24/17,Tesla,263.16
1179,03/25/17,Tesla,
1180,03/26/17,Tesla,
1181,03/27/17,Tesla,270.22
1182,03/28/17,Tesla,277.45
1183,03/29/17,Tesla,277.38
1184,03/30/17,Tesla,277.92
1185,03/31/17,Tesla,278.3
1186,04/01/17,Tesla,
1187,04/02/17,Tesla,
1188,04/03/17,Tesla,298.52
1189,04/04/17,Tesla,303.7
1190,04/05/17,Tesla,295.0
1191,04/06/17,Tesla,298.7
1192,04/07/17,Tesla,302.54
1193,04/08/17,Tesla,
1194,04/09/17,Tesla,
1195,04/10/17,Tesla,312.39
1196,04/11/17,Tesla,308.71
1197,04/12/17,Tesla,296.84
1198,04/13/17,Tesla,304.0
1199,04/14/17,Tesla,
1200,04/15/17,Tesla,
1201,04/16/17,Tesla,
1202,04/17/17,Tesla,301.44
1203,04/18/17,Tesla,300.25
1204,04/19/17,Tesla,305.52
1205,04/20/17,Tesla,302.51
1206,04/21/17,Tesla,305.6
1207,04/22/17,Tesla,
1208,04/23/17,Tesla,
1209,04/24/17,Tesla,308.03
1210,04/25/17,Tesla,313.79
1211,04/26/17,Tesla,310.17
1212,04/27/17,Tesla,308.63
1213,04/28/17,Tesla,314.07
1214,04/29/17,Tesla,
1215,04/30/17,Tesla,
1216,05/01/17,Tesla,322.83
1217,05/02/17,Tesla,318.89
1218,05/03/17,Tesla,311.02
1219,05/04/17,Tesla,295.46
1220,05/05/17,Tesla,308.35
1221,05/06/17,Tesla,
1222,05/07/17,Tesla,
1223,05/08/17,Tesla,307.19
1224,05/09/17,Tesla,321.26
1225,05/10/17,Tesla,325.22
1226,05/11/17,Tesla,323.1
1227,05/12/17,Tesla,324.81
1228,05/13/17,Tesla,
1229,05/14/17,Tesla,
1230,05/15/17,Tesla,315.88
1231,05/16/17,Tesla,317.01
1232,05/17/17,Tesla,306.11
1233,05/18/17,Tesla,313.06
1234,05/19/17,Tesla,310.83
1235,05/20/17,Tesla,
1236,05/21/17,Tesla,
1237,05/22/17,Tesla,310.35
1238,05/23/17,Tesla,303.86
1239,05/24/17,Tesla,310.22
1240,05/25/17,Tesla,316.83
1241,05/26/17,Tesla,325.14
1242,05/27/17,Tesla,
1243,05/28/17,Tesla,
1244,05/29/17,Tesla,
1245,05/30/17,Tesla,335.1
1246,05/31/17,Tesla,341.01
1247,06/01/17,Tesla,340.37
1248,06/02/17,Tesla,339.85
1249,06/03/17,Tesla,
1250,06/04/17,Tesla,
1251,06/05/17,Tesla,347.32
1252,06/06/17,Tesla,352.85
1253,06/07/17,Tesla,359.65
1254,06/08/17,Tesla,370.0
1255,06/09/17,Tesla,357.32
1256,06/10/17,Tesla,
1257,06/11/17,Tesla,
1258,06/12/17,Tesla,359.01
1259,06/13/17,Tesla,375.95
1260,06/14/17,Tesla,380.66
1261,06/15/17,Tesla,375.34
1262,06/16/17,Tesla,371.4
1263,06/17/17,Tesla,
1264,06/18/17,Tesla,
1265,06/19/17,Tesla,369.8
1266,06/20/17,Tesla,372.24
1267,06/21/17,Tesla,376.4
1268,06/22/17,Tesla,382.61
1269,06/23/17,Tesla,383.45
1270,06/24/17,Tesla,
1271,06/25/17,Tesla,
1272,06/26/17,Tesla,377.49
1273,06/27/17,Tesla,362.37
1274,06/28/17,Tesla,371.24
1275,06/29/17,Tesla,360.75
1276,06/30/17,Tesla,361.61
1277,07/01/17,Tesla,
1278,07/02/17,Tesla,
1279,07/03/17,Tesla,352.62
1280,07/04/17,Tesla,
1281,07/05/17,Tesla,327.09
1282,07/06/17,Tesla,308.83
1283,07/07/17,Tesla,313.22
1284,07/08/17,Tesla,
1285,07/09/17,Tesla,
1286,07/10/17,Tesla,316.05
1287,07/11/17,Tesla,327.22
1288,07/12/17,Tesla,329.52
1289,07/13/17,Tesla,323.41
1290,07/14/17,Tesla,327.78
1291,07/15/17,Tesla,
1292,07/16/17,Tesla,
1293,07/17/17,Tesla,319.57
1294,07/18/17,Tesla,328.24
1295,07/19/17,Tesla,325.26
1296,07/20/17,Tesla,329.92
1297,07/21/17,Tesla,328.4
1298,07/22/17,Tesla,
1299,07/23/17,Tesla,
1300,07/24/17,Tesla,342.52
1301,07/25/17,Tesla,339.6
1302,07/26/17,Tesla,343.85
1303,07/27/17,Tesla,334.46
1304,07/28/17,Tesla,335.07
1305,07/29/17,Tesla,
1306,07/30/17,Tesla,
1307,07/31/17,Tesla,323.47
1308,08/01/17,Tesla,319.57
1309,08/02/17,Tesla,325.89
1310,08/03/17,Tesla,347.09
1311,08/04/17,Tesla,356.91
1312,08/05/17,Tesla,
1313,08/06/17,Tesla,
1314,08/07/17,Tesla,355.17
1315,08/08/17,Tesla,365.22
1316,08/09/17,Tesla,363.53
1317,08/10/17,Tesla,355.4
1318,08/11/17,Tesla,357.87
1319,08/12/17,Tesla,
1320,08/13/17,Tesla,
1321,08/14/17,Tesla,363.8
1322,08/15/17,Tesla,362.33
1323,08/16/17,Tesla,362.91
1324,08/17/17,Tesla,351.92
1325,08/18/17,Tesla,347.46
1326,08/19/17,Tesla,
1327,08/20/17,Tesla,
1328,08/21/17,Tesla,337.86
1329,08/22/17,Tesla,341.35
1330,08/23/17,Tesla,352.77
1331,08/24/17,Tesla,352.93
1332,08/25/17,Tesla,348.05
1333,08/26/17,Tesla,
1334,08/27/17,Tesla,
1335,08/28/17,Tesla,345.66
1336,08/29/17,Tesla,347.36
1337,08/30/17,Tesla,353.18
1338,08/31/17,Tesla,355.9
1339,09/01/17,Tesla,355.4
1340,09/02/17,Tesla,
1341,09/03/17,Tesla,
1342,09/04/17,Tesla,
1343,09/05/17,Tesla,349.59
1344,09/06/17,Tesla,344.53
1345,09/07/17,Tesla,350.61
1346,09/08/17,Tesla,343.4
1347,09/09/17,Tesla,
1348,09/10/17,Tesla,
1349,09/11/17,Tesla,363.69
1350,09/12/17,Tesla,362.75
1351,09/13/17,Tesla,366.23
1352,09/14/17,Tesla,377.64
1353,09/15/17,Tesla,379.81
1354,09/16/17,Tesla,
1355,09/17/17,Tesla,
1356,09/18/17,Tesla,385.0
1357,09/19/17,Tesla,375.1
1358,09/20/17,Tesla,373.91
1359,09/21/17,Tesla,366.48
1360,09/22/17,Tesla,351.09
1361,09/23/17,Tesla,
1362,09/24/17,Tesla,
1363,09/25/17,Tesla,344.99
1364,09/26/17,Tesla,345.25
1365,09/27/17,Tesla,340.97
1366,09/28/17,Tesla,339.6
1367,09/29/17,Tesla,341.1
1368,09/30/17,Tesla,
1369,10/01/17,Tesla,
1370,10/02/17,Tesla,341.53
1371,10/03/17,Tesla,348.14
1372,10/04/17,Tesla,355.01
1373,10/05/17,Tesla,355.33
1374,10/06/17,Tesla,356.88
1375,10/07/17,Tesla,
1376,10/08/17,Tesla,
1377,10/09/17,Tesla,342.94
1378,10/10/17,Tesla,355.59
1379,10/11/17,Tesla,354.6
1380,10/12/17,Tesla,355.68
1381,10/13/17,Tesla,355.57
1382,10/14/17,Tesla,
1383,10/15/17,Tesla,
1384,10/16/17,Tesla,350.6
1385,10/17/17,Tesla,355.75
1386,10/18/17,Tesla,359.65
1387,10/19/17,Tesla,351.81
1388,10/20/17,Tesla,345.1
1389,10/21/17,Tesla,
1390,10/22/17,Tesla,
1391,10/23/17,Tesla,337.02
1392,10/24/17,Tesla,337.34
1393,10/25/17,Tesla,325.84
1394,10/26/17,Tesla,326.17
1395,10/27/17,Tesla,320.87
1396,10/28/17,Tesla,
1397,10/29/17,Tesla,
1398,10/30/17,Tesla,320.08
1399,10/31/17,Tesla,331.53
1400,11/01/17,Tesla,321.08
1401,11/02/17,Tesla,299.26
1402,11/03/17,Tesla,306.09
1403,11/04/17,Tesla,
1404,11/05/17,Tesla,
1405,11/06/17,Tesla,302.78
1406,11/07/17,Tesla,306.05
1407,11/08/17,Tesla,304.39
1408,11/09/17,Tesla,302.99
1409,11/10/17,Tesla,302.99
1410,11/11/17,Tesla,
1411,11/12/17,Tesla,
1412,11/13/17,Tesla,315.4
1413,11/14/17,Tesla,308.7
1414,11/15/17,Tesla,311.3
1415,11/16/17,Tesla,312.5
1416,11/17/17,Tesla,315.05
1417,11/18/17,Tesla,
1418,11/19/17,Tesla,
1419,11/20/17,Tesla,308.74
1420,11/21/17,Tesla,317.81
1421,11/22/17,Tesla,312.6
1422,11/23/17,Tesla,
1423,11/24/17,Tesla,315.55
1424,11/25/17,Tesla,
1425,11/26/17,Tesla,
1426,11/27/17,Tesla,316.81
1427,11/28/17,Tesla,317.55
1428,11/29/17,Tesla,307.54
1429,11/30/17,Tesla,308.85
1430,12/01/17,Tesla,306.53
1431,12/02/17,Tesla,
1432,12/03/17,Tesla,
1433,12/04/17,Tesla,305.2
1434,12/05/17,Tesla,303.7
1435,12/06/17,Tesla,313.26
1436,12/07/17,Tesla,311.24
1437,12/08/17,Tesla,315.13
1438,12/09/17,Tesla,
1439,12/10/17,Tesla,
1440,12/11/17,Tesla,328.91
1441,12/12/17,Tesla,341.03
1442,12/13/17,Tesla,339.03
1443,12/14/17,Tesla,337.89
1444,12/15/17,Tesla,343.45
1445,12/16/17,Tesla,
1446,12/17/17,Tesla,
1447,12/18/17,Tesla,338.87
1448,12/19/17,Tesla,331.1
1449,12/20/17,Tesla,328.98
1450,12/21/17,Tesla,331.66
1451,12/22/17,Tesla,325.2
1452,12/23/17,Tesla,
1453,12/24/17,Tesla,
1454,12/25/17,Tesla,
1455,12/26/17,Tesla,317.29
1456,12/27/17,Tesla,311.64
1457,12/28/17,Tesla,315.36
1458,12/29/17,Tesla,311.35
1459,12/30/17,Tesla,
1460,12/31/17,Tesla,
1461,01/01/18,Tesla,
1462,01/02/18,Tesla,320.53
1463,01/03/18,Tesla,317.25
1464,01/04/18,Tesla,314.62
1465,01/05/18,Tesla,316.58
1466,01/06/18,Tesla,
1467,01/07/18,Tesla,
1468,01/08/18,Tesla,336.41
1469,01/09/18,Tesla,333.69
1470,01/10/18,Tesla,334.8
1471,01/11/18,Tesla,337.95
1472,01/12/18,Tesla,336.22
1473,01/13/18,Tesla,
1474,01/14/18,Tesla,
1475,01/15/18,Tesla,
1476,01/16/18,Tesla,340.06
1477,01/17/18,Tesla,347.16
1478,01/18/18,Tesla,344.57
1479,01/19/18,Tesla,350.02
1480,01/20/18,Tesla,
1481,01/21/18,Tesla,
1482,01/22/18,Tesla,351.56
1483,01/23/18,Tesla,352.79
1484,01/24/18,Tesla,345.89
1485,01/25/18,Tesla,337.64
1486,01/26/18,Tesla,342.85
1487,01/27/18,Tesla,
1488,01/28/18,Tesla,
1489,01/29/18,Tesla,349.53
1490,01/30/18,Tesla,345.82
1491,01/31/18,Tesla,354.31
1492,02/01/18,Tesla,349.25
1493,02/02/18,Tesla,343.75
1494,02/03/18,Tesla,
1495,02/04/18,Tesla,
1496,02/05/18,Tesla,333.13
1497,02/06/18,Tesla,333.97
1498,02/07/18,Tesla,345.0
1499,02/08/18,Tesla,315.23
1500,02/09/18,Tesla,310.42
1501,02/10/18,Tesla,
1502,02/11/18,Tesla,
1503,02/12/18,Tesla,315.73
1504,02/13/18,Tesla,323.66
1505,02/14/18,Tesla,322.31
1506,02/15/18,Tesla,334.065
1507,02/16/18,Tesla,335.49
1508,02/17/18,Tesla,
1509,02/18/18,Tesla,
1510,02/19/18,Tesla,
1511,02/20/18,Tesla,334.77
1512,02/21/18,Tesla,333.3
1513,02/22/18,Tesla,346.17
1514,02/23/18,Tesla,352.05
1515,02/24/18,Tesla,
1516,02/25/18,Tesla,
1517,02/26/18,Tesla,357.42
1518,02/27/18,Tesla,350.99
1519,02/28/18,Tesla,343.06
1520,03/01/18,Tesla,330.93
1521,03/02/18,Tesla,335.12
1522,03/03/18,Tesla,
1523,03/04/18,Tesla,
1524,03/05/18,Tesla,333.35
1525,03/06/18,Tesla,328.2
1526,03/07/18,Tesla,332.3
1527,03/08/18,Tesla,329.1
1528,03/09/18,Tesla,327.17
1529,03/10/18,Tesla,
1530,03/11/18,Tesla,
1531,03/12/18,Tesla,345.51
1532,03/13/18,Tesla,341.84
1533,03/14/18,Tesla,326.63
1534,03/15/18,Tesla,325.6
1535,03/16/18,Tesla,321.35
1536,03/17/18,Tesla,
1537,03/18/18,Tesla,
1538,03/19/18,Tesla,313.56
1539,03/20/18,Tesla,310.55
1540,03/21/18,Tesla,316.53
1541,03/22/18,Tesla,309.1
1542,03/23/18,Tesla,301.54
1543,03/24/18,Tesla,
1544,03/25/18,Tesla,
1545,03/26/18,Tesla,304.18
1546,03/27/18,Tesla,279.18
1547,03/28/18,Tesla,257.78
1548,03/29/18,Tesla,266.13
1549,03/30/18,Tesla,
1550,03/31/18,Tesla,
1551,04/01/18,Tesla,
1552,04/02/18,Tesla,252.48
1553,04/03/18,Tesla,267.53
1554,04/04/18,Tesla,286.94
1555,04/05/18,Tesla,305.72
1556,04/06/18,Tesla,299.3
1557,04/07/18,Tesla,
1558,04/08/18,Tesla,
1559,04/09/18,Tesla,289.66
1560,04/10/18,Tesla,304.7
1561,04/11/18,Tesla,300.93
1562,04/12/18,Tesla,294.08
1563,04/13/18,Tesla,300.34
1564,04/14/18,Tesla,
1565,04/15/18,Tesla,
1566,04/16/18,Tesla,291.21
1567,04/17/18,Tesla,287.69
1568,04/18/18,Tesla,293.35
1569,04/19/18,Tesla,300.08
1570,04/20/18,Tesla,290.24
1571,04/21/18,Tesla,
1572,04/22/18,Tesla,
1573,04/23/18,Tesla,283.37
1574,04/24/18,Tesla,283.46
1575,04/25/18,Tesla,280.69
1576,04/26/18,Tesla,285.48
1577,04/27/18,Tesla,294.075
1578,04/28/18,Tesla,
1579,04/29/18,Tesla,
1580,04/30/18,Tesla,293.9
1581,05/01/18,Tesla,299.92
1582,05/02/18,Tesla,301.15
1583,05/03/18,Tesla,284.45
1584,05/04/18,Tesla,294.09
1585,05/05/18,Tesla,
1586,05/06/18,Tesla,
1587,05/07/18,Tesla,302.77
1588,05/08/18,Tesla,301.97
1589,05/09/18,Tesla,306.85
1590,05/10/18,Tesla,305.02
1591,05/11/18,Tesla,301.06
1592,05/12/18,Tesla,
1593,05/13/18,Tesla,
1594,05/14/18,Tesla,291.97
1595,05/15/18,Tesla,284.18
1596,05/16/18,Tesla,286.48
1597,05/17/18,Tesla,284.54
1598,05/18/18,Tesla,276.82
1599,05/19/18,Tesla,
1600,05/20/18,Tesla,
1601,05/21/18,Tesla,284.49
1602,05/22/18,Tesla,275.01
1603,05/23/18,Tesla,279.07
1604,05/24/18,Tesla,277.85
1605,05/25/18,Tesla,278.85
1606,05/26/18,Tesla,
1607,05/27/18,Tesla,
1608,05/28/18,Tesla,
1609,05/29/18,Tesla,283.76
1610,05/30/18,Tesla,291.72
1611,05/31/18,Tesla,284.73
1612,06/01/18,Tesla,291.82
1613,06/02/18,Tesla,
1614,06/03/18,Tesla,
1615,06/04/18,Tesla,296.74
1616,06/05/18,Tesla,291.13
1617,06/06/18,Tesla,319.5
1618,06/07/18,Tesla,316.09
1619,06/08/18,Tesla,317.66
1620,06/09/18,Tesla,
1621,06/10/18,Tesla,
1622,06/11/18,Tesla,332.1
1623,06/12/18,Tesla,342.77
1624,06/13/18,Tesla,344.78
1625,06/14/18,Tesla,357.72
1626,06/15/18,Tesla,358.17
1627,06/16/18,Tesla,
1628,06/17/18,Tesla,
1629,06/18/18,Tesla,370.83
1630,06/19/18,Tesla,352.55
1631,06/20/18,Tesla,362.22
1632,06/21/18,Tesla,347.51
1633,06/22/18,Tesla,333.63
1634,06/23/18,Tesla,
1635,06/24/18,Tesla,
